filename,mood,confidence,tempo,rms,dbfs,centroid,dynamics,intensity,mfcc_1,mfcc_2,mfcc_3,mfcc_4,mfcc_5,mfcc_6,mfcc_7,mfcc_8,mfcc_9,mfcc_10,mfcc_11,mfcc_12,mfcc_13
07 - Cinematic epic music｜＂The Sword＂｜Copyright free epic music｜FREE Epic Music｜EPIC MUSIC WAVES.mp3,Dreamy / Ambient,0.7,81.52173913043478,0.0765172,-35.59922,1059.394823155254,0.07077076,0.7458629,-315.52985,146.5122,1.5381327,23.084047,18.86723,12.613916,5.7029767,8.413394,5.2287927,7.03796,7.1253133,2.4074423,2.9991875
02 - INTRIGUE - Most Cinematic Suspense music ever ｜ No Copyright Music ｜ Epic Music Waves.mp3,Dreamy / Ambient,0.7,119.68085106382979,0.085717574,-33.244514,1225.2232796935207,0.06785512,0.78505737,-276.7018,163.72226,-2.1945298,12.851877,15.093221,5.176958,-4.047412,-4.1802163,-5.7857428,-6.343311,-7.3294,-7.763861,-3.7334177
17 - FREE Cinematic Action Background Music ｜ No Copyright Cinematic Background Music ｜ EMW.mp3,Neutral / Mixed,0.5,140.625,0.13088812,-25.15899,1190.9239523384888,0.0674299,0.9251794,-239.7268,191.42853,-19.761292,28.44054,19.93527,14.064274,3.8694694,1.4364139,8.874951,0.30075353,2.898862,-4.1596255,-2.7825973
27 - FREE Emotional Cinematic Background Music ｜ Emotional Cinematic Background Music NO COPYRIGHT • EMW.mp3,Happy / Uplifting,0.75,130.8139534883721,0.17009538,-21.40846,617.6394141344562,0.06459222,0.6986842,-296.94724,208.4845,44.113693,15.746366,16.216713,11.413285,4.945212,1.4113601,-1.2611462,-3.481596,-1.749458,-0.5729358,-1.9898685
11 - Cinematic Motivational & Intense Epic music - RAY OF HOPE ｜ Epic Motivational music no copyright.mp3,Dreamy / Ambient,0.7,140.625,0.10455286,-28.825518,1300.5173195422078,0.059324905,0.84352404,-231.598,187.18953,-4.6439433,16.280983,8.271356,10.603522,-4.450089,5.061059,1.4715922,-0.16632771,1.9401137,-2.0648355,0.5508307
29 - Epic Cinematic Background Music NO COPYRIGHT ｜ FREE Epic Background Music For Videos • EMW.mp3,Emotional / Melancholic,0.85,95.33898305084746,0.22178103,-19.441483,1382.1607146782171,0.09583352,0.9276318,-167.21149,179.13956,-12.530011,28.746557,9.921126,20.201193,3.6087842,7.881866,7.439716,3.926725,5.7139535,2.3557327,3.8129182
22 - Epic Cinematic Background Music NO COPYRIGHT ｜ FREE Epic Background Music For Videos • EMW.mp3,Neutral / Mixed,0.5,133.92857142857142,0.22700661,-19.150087,1564.7449276791308,0.09045347,0.9391579,-147.42334,180.94421,-34.475334,41.71253,13.258903,14.691932,5.8431997,3.8588107,8.36763,4.347901,5.917882,3.2300391,3.1309488
30 - Epic Cinematic Background Music NO COPYRIGHT ｜ FREE Epic Background Music For Videos • EMW.mp3,Energetic / Hype,0.8,140.625,0.24354075,-18.459568,1398.0285081347859,0.076754935,1.0999221,-156.08371,195.51494,-20.106926,43.38645,4.4728594,14.428699,4.222646,1.9113265,3.0567486,3.8551826,4.7873254,2.4843738,4.7956414
24 - Motivational Background Music No Copyright ｜ Motivational Cinematic Background Music Royalty FREE.mp3,Neutral / Mixed,0.5,114.79591836734694,0.15780644,-24.122849,1222.1042897538516,0.09954484,0.8319143,-204.50943,180.86769,-5.895339,28.252432,14.339481,9.961733,3.9309819,4.456843,6.9935374,1.7354865,5.0866957,1.9052209,-1.6084064
abc3.mp3,Dreamy / Ambient,0.7,166.70866935483872,0.11464835,-29.221266,1457.3013213709235,0.09634974,0.67074233,-237.37743,165.9089,3.7753131,17.991259,-1.3940713,9.212415,-2.2507062,5.793914,-2.048298,0.91125697,-1.1866119,1.5259523,0.9379204
03 - Trailer - (NO COPYRIGHT) Epic and Action Cinematic Background Music For Videos ｜｜ EMW.mp3,Happy / Uplifting,0.75,133.92857142857142,0.22045805,-19.399971,1466.5100378507107,0.08808184,0.9279825,-157.49461,182.52397,-33.094852,39.894764,14.149894,12.665034,9.147287,3.373797,10.221768,3.6048205,6.9075522,2.8540554,2.7542567
21 - FREE Cinematic Background Music For Videos ｜ Royalty FREE Cinematic Background Music • EMW.mp3,Dreamy / Ambient,0.7,133.92857142857142,0.11710659,-25.736078,1437.179022274468,0.05170895,1.0453892,-218.64653,180.67224,-16.049656,28.57635,3.4482872,13.389884,3.9174347,5.7876644,5.825258,4.6197653,6.221142,-0.6044189,-0.29526597
14 - Epic powerful cinematic and heroic music (Bheeshma-The god father) ｜ Epic heroic music｜ Indian music.mp3,Dreamy / Ambient,0.7,112.5,0.12479501,-34.510963,1327.3389786100847,0.069682464,0.9111371,-232.54236,170.70665,-20.834398,25.058306,0.12876038,8.862743,-2.398792,8.836903,11.408829,-1.8204491,5.5600333,2.2567048,2.737537
28 - Cinematic Trailer Background Music No Copyright ｜ Royalty FREE Trailer Background Music • EMW.mp3,Energetic / Hype,0.8,140.625,0.1746373,-26.83932,2030.423012014212,0.09964156,0.92589605,-163.07147,158.8802,-31.611256,35.987446,-5.187136,20.69277,-8.076869,4.1371436,0.8628028,2.7113786,4.5137267,-1.6568682,4.5079584
31 - Epic Cinematic Background Music NO COPYRIGHT ｜ FREE Epic Background Music For Videos • EMW.mp3,Happy / Uplifting,0.75,130.8139534883721,0.18996362,-21.82537,2226.4409199896963,0.09905691,1.0167903,-145.21689,163.93683,-20.51839,47.271973,-5.680709,24.109482,-5.8670874,10.971857,2.925151,3.9427032,2.6874936,-0.51768345,3.536787
08 - COPYRIGHT FREE Science Fiction Music ｜ Cinematic Ambient Background Music NO COPYRIGHT • EMW.mp3,Neutral / Mixed,0.5,110.29411764705883,0.13145499,-25.607826,598.7655878252642,0.07668714,0.7768639,-292.9417,187.75555,56.88971,13.123911,12.399794,7.8460765,2.524177,-0.44051048,-0.3375967,0.29216236,0.8138467,1.760204,1.3034688
23 - Powerful Cinematic Background Music NO Copyright ｜ Copyright FREE Music For Cinematic Video • EMW.mp3,Energetic / Hype,0.8,140.625,0.15681152,-23.920597,1778.922419730017,0.08775633,0.9397023,-189.53426,171.04427,-17.426683,32.144367,3.196436,20.425272,-3.2554233,7.2430778,4.3582654,2.6888556,1.390868,0.16743296,3.6139028
10 - Beautiful Emotional & Inspiring Epic [No Copyright] Music： ＂The power within＂ by Whitesand • EMW.mp3,Dreamy / Ambient,0.7,86.53846153846153,0.10535098,-28.234867,1230.7769667492769,0.06642972,0.8012101,-253.54651,172.57167,2.493995,24.524872,3.4230936,13.517261,1.3899285,1.9933213,3.629961,0.24409544,2.4215717,-2.8139923,1.7104551
15 - Beyond the clouds (Epic cinematic adventure and motivational music) ｜ Copyright free epic music.mp3,Neutral / Mixed,0.5,100.44642857142857,0.23186,-20.440945,892.7299348300722,0.05694963,0.8843637,-200.30974,223.20432,-8.596196,21.650686,19.487686,9.189544,0.39783126,-3.383142,-0.8548827,-4.074288,-2.874442,-2.9288902,-3.0105326
abc5.mp3,Neutral / Mixed,0.5,90.7258064516129,0.19294098,-21.138786,3165.3202262132572,0.081204236,1.1053435,-123.29134,138.37929,-19.70139,46.52607,-15.6652,27.08216,-13.314072,10.724432,-6.441848,8.197658,-7.0217047,9.00699,3.3622382
13 - [COPYRIGHT FREE] Cinematic Inspiring Background Music ｜ EMW.mp3,Energetic / Hype,0.8,144.23076923076923,0.19842897,-27.029411,1018.6579703354797,0.09756048,0.79946226,-214.60493,196.47148,-11.026085,21.101664,10.037884,9.91262,3.296736,-3.7988682,3.5486205,-2.824187,0.026542142,-6.574145,-6.1709986
01 - Beautiful Cinematic Piano Background Music For Videos ｜ Relaxing Cinematic Music NO COPYRIGHT • EMW.mp3,Neutral / Mixed,0.5,93.75,0.17930163,-21.230762,816.5599800962136,0.06465842,0.7094546,-249.41531,207.85893,16.295681,31.777292,10.632139,10.460565,9.021906,6.5029716,11.640117,4.31219,3.2856812,-2.0958858,-5.0530405
abc1.mp3,Emotional / Melancholic,0.85,87.5926906779661,0.1672808,-22.202887,2158.431488139877,0.06219943,1.0985919,-194.97319,156.1371,10.078448,44.381454,-12.649705,31.774199,-5.2154016,16.585917,-6.7210555,4.666628,-1.2443104,7.3254185,-3.242688
abc2.mp3,Happy / Uplifting,0.75,137.1951219512195,0.11718699,-26.059807,1988.7046249127188,0.06756686,1.0092473,-197.48994,156.43112,-12.423892,37.100475,5.1882906,20.321682,-1.4943848,5.645465,2.8692713,0.86940634,3.8876216,-1.0566458,3.1115425
12 - NO COPYRIGHT Cinematic Epic Trailer Music • Resurgence - Ghostrifter Official ｜ Epic Music Waves.mp3,Calm / Dark,0.7,133.92857142857142,0.10266534,-28.694061,2144.7000736612354,0.061870087,0.98709124,-202.61389,156.9533,-30.621174,35.494705,-5.641957,11.832298,-4.905416,0.947342,-1.7802248,1.0148093,1.4911482,-2.302319,1.7504522
16 - Epic Cinematic Background Music NO COPYRIGHT ｜ FREE Epic Background Music For Videos • EMW.mp3,Happy / Uplifting,0.75,130.8139534883721,0.17643036,-22.590254,1822.990457175865,0.09716971,1.0030301,-180.42052,166.82863,0.1403833,33.744442,-0.12539977,21.335287,-1.0940832,12.012083,5.4002404,4.844068,1.70556,-1.1258309,2.1952455
04 - Epic Cinematic Dramatic Background Music NO COPYRIGHT ｜ Royalty Free Dramatic Music For Videos • EMW.mp3,Emotional / Melancholic,0.85,81.52173913043478,0.14819938,-23.86635,1554.2179186253045,0.0778119,0.82912654,-191.02121,181.99512,-11.406877,33.58291,1.2878925,16.208588,-3.8178895,5.21983,1.5891765,2.567028,0.6534204,-6.207812,-0.15809223
26 - Epic Cinematic Background Music NO COPYRIGHT ｜ FREE Epic Background Music For Videos • EMW.mp3,Energetic / Hype,0.8,208.33333333333334,0.17427143,-21.96623,1430.087887198157,0.09416764,0.9329438,-182.48619,174.35582,-25.543262,32.872574,14.927653,8.274841,8.718068,5.582762,10.864424,6.7855973,8.29325,6.7382784,5.3703938
abc4.mp3,Happy / Uplifting,0.75,129.19921875,0.14562331,-23.82295,1068.3964268627803,0.0667428,0.8582408,-243.94476,180.44391,12.273746,20.031433,17.74951,11.944548,-4.681178,-2.784866,-3.2504268,-3.0111952,-2.5130193,-4.5619087,-6.2514863
20 - COPYRIGHT FREE Science Fiction Music ｜ Cinematic Ambient Royalty Free Music Background Music ｜ EMW.mp3,Emotional / Melancholic,0.85,90.7258064516129,0.17098655,-23.433386,420.8772543153382,0.07433037,0.6798749,-336.2694,215.74307,59.77011,15.524136,18.569798,14.358424,6.3369317,2.879866,5.968185,5.606997,2.30207,-0.6078562,-2.752246
18 - Calm Cinematic Background Music No Copyright ｜ Cinematic Ambient Royalty Free Music Background Music.mp3,Dreamy / Ambient,0.7,71.20253164556962,0.100153804,-28.572996,1651.7454531275005,0.06892975,0.8610204,-275.2704,166.34306,11.340624,33.556232,-6.7703342,2.1215158,-8.105366,-1.6471791,-0.12691504,-11.638552,-6.90441,-9.359143,-4.5969853
19 - Free Dramatic Background Music No Copyright ｜｜ Royalty Free Dramatic Background Music ｜｜ EMW.mp3,Dreamy / Ambient,0.7,127.8409090909091,0.11789123,-26.654446,1692.694586964535,0.06032577,0.9419649,-184.8894,179.35176,-28.357939,25.974382,-3.7733715,14.959791,-3.9098313,5.5548215,2.663416,0.16896772,3.3236995,-2.5520716,3.6715584
06 - The Forbidden Street-Epic cinematic suspense and mysterious music ｜ No Copyright Dark music.mp3,Neutral / Mixed,0.5,82.72058823529412,0.18613726,-23.92912,1538.3503894701503,0.078575365,0.97078526,-196.03857,179.077,-11.210574,26.808117,5.5863304,14.023165,1.8070058,6.4756017,-0.23646589,2.1792927,2.0474308,-0.12015704,1.261068
25 - FREE Background Music For Documentary Videos ｜ Royalty free Cinematic Background Music • EMW.mp3,Happy / Uplifting,0.75,100.44642857142857,0.20703919,-21.092594,1511.4663285874838,0.07848561,0.9148969,-161.96782,196.22168,-20.740133,24.003016,-0.0017845567,8.910477,-10.952737,-2.4596913,0.4814536,-2.662754,1.565843,0.5616643,3.4742575
05 - Cinematic⧸Inspiring⧸Epic Music [No Copyright] • EMW.mp3,Dreamy / Ambient,0.7,96.98275862068965,0.12911284,-24.58043,958.4138358046976,0.06119519,0.80808806,-257.49045,189.02632,25.348269,28.329006,2.8786244,-3.1575363,-0.35669705,-2.4431815,3.2407594,3.0795758,4.697294,1.0354868,-3.6648438
09 - Journey to an unknown destiny - epic cinematic music (No Copyright) • EMW.mp3,Neutral / Mixed,0.5,133.92857142857142,0.14003217,-26.339865,914.4419381631117,0.07420461,0.72677004,-248.63979,211.98032,-6.595768,2.865003,20.627422,3.498962,0.22949193,-2.8956566,-4.1473293,-4.5137653,-2.367997,-3.2746017,-3.0685909
asdf.mp3,Happy / Uplifting,0.75,117.1875,0.13559568,-28.424822,1259.70362180256,0.114574805,1.0884358,-290.0394,153.43924,34.860546,20.734802,4.6570716,2.9425528,-3.2835262,-3.395932,-5.2990146,-0.4941016,0.8164181,-1.975452,-1.9979746
